archaic_form,proposed_modern_form,third_person_singular_form,occurrence_count,status,confidence,review_flags,observed_spellings,existing_exact_mappings,source_excerpts
knowest,know,knows,5,review,review,Review exact live Sefaria context before any replacement,"{""knowest"":5}",{},"H518 | H518. im | אִם | ing him back (si eum non reduxero) and set him before thee, I will be guilty for ever, 47:6 if thou knowest that there are men of worth among them וְשַׂמְתָּם ‎ then make them, etc., Judg 16:17 ; 2Sam 15:3
H854 | H854. eth | אֵת | 3 מּ ׳אֵת ‎ denotes specially, a. in one's possession or keeping: Gen 27:15 ; 30:29 thou knowest ֗֗֗ אִתִּי מִקְנְךָ הָיָה אֲשֶׁר אֵת ‎ how thy cattle fared with me, 30:33 ; Leviticus 5:23; Lev
H3045 | H3045. yada | יָדַע | nies that etc.; followed by לְ ‎, have knowledge of , לְאִוַּלְתִּי יָדַעְתָּ ‎ 69:6 thou knowest my foolishness ; especially אני כי וידע יהוה ‎ and he shall ( thou shalt , etc.) know that I am
H3588 | H3588. ki | כִּי | n 18:27 for he is a god etc. (4 t.); Prov 30:4 ; Job 38:5 תֵדָ֑ע כִּי ‎ for or since thou knowest. With subject prefixed Psa 128:2 . Repeated (with anacoluthon) Isa 49:19 . c. the causal relation
H3787 | H3787. kasher | כָּשֵׁר | Est 8:5 and the thing be proper in the view of the king; Imperfect יִכְשָׁר֨ ‎ Eccl 11:6 thou knowest not whether this shall succeed , or this. Hiph`il Infinitive construct חָכְמָה הַכְשֵׁיר וְיִתְ"
makest,make,makes,5,review,review,Review exact live Sefaria context before any replacement,"{""makest"":5}",{},"H910 | H910. badad | בָּדָד | o לְבָדָד ‎ Num 23:9 (Israel) Micah 7:14 ; Psalm 4:9 for thou תּוֺשִׁיבֵנִי לָבֶטַח לְבָדָד ‎ makest me dwell solitarily , in safety (see Deut 33:28 ). II. בדד ‎ (probably id quod בָּדָא ‎
H2302 | H2302. chadah | חָדָה | ‎ compare also Dr Pi`el Imperfect suffix (causative) בְשִׂמְחְה תְּחַדֵּהוּ ‎ Psa 21:7 thou makest him joyful (Che cheerest him ) with gladness (|| בְרָכוֺת תְּשִׁיתֵהוּ ‎).
H3423 | H3423. yarash | יָרַשׁ | nd cause your sons to inherit (it); figurative נְעוּרָ֑י עֲוֺנוֺת תּוֺרִישֵׁנִי ‎ Job 13:26 thou makest me to inherit (the consequences of) the iniquities of my youth . 2 cause (others) to possess o
H3973 | H3973. maos | מָאוֺס | ‎ noun [masculine] refuse תְּשִׂימֵנוּ וּמָאוֺס סְחִי ‎ Lam 3:45 off scouring and refuse thou makest us .
H7292 | H7292. rahab | רָהַב | erfect 2masculine singular suffix תַּרְהִבֵנִי ‎ Psa 138:3 (subject ׳י ‎), Buhl Bae Dr thou makest me proud, bold (Thes De Che denominative of רֹהַב ‎)."
mayest,may,may,4,already-covered,review,"Review exact live Sefaria context before any replacement; Modal auxiliary: modern third-person form is invariant, not -s","{""mayest"":4}","{""mayest"":""may""}","H5956 | H5956. alam | עָלַם | absolute כָּלנֶֿעְלָם ‎ Eccl 12:14 . 2 feminine singular נַעֲלָמָה תְּהִי ‎ Nahum 3:11 mayest thou become obscured (as to the senses; figurative for swoon ), but very doubtful, read perhaps נעל
H8478 | H8478. tachath | תַּחַת | תַחְתָּם וַיֵָּֽשְׁבוּ ‎, Lev 16:32 ; 1Kin 2:35 +; Psa 45:17 in place of thy fathers (whom thou mayest therefore forget) will be thy children. compare in Ph CIS i.3.9 (Cooke 30 ). Sq. infinitive Isa 60:15
H8610 | H8610. taphas | תָּפַשׂ | they have planned. Pi`el Imperfect 2masculine singular תְּתַמֵּשׂ ‎ Prov 30:28 a lizard thou mayest grasp with the hands ( ב ‎); — or read תִּתָּפֵשׂ ‎ Niph`al Imperfect 3 feminine singular, see
H9000 |  | ו | a 53:2 RVm Num 23:19 ; Jer 5:28 RV. Sts. also before an imperative, Gen 12:2 and be (= that thou mayest be) a blessing, 2Sam 21:3 +. See more fully Dr § 59-65 , Ges § 108 . 2; 109. 2; 110. 2. (In Arabic wit"
desirest,desire,desires,3,review,review,Review exact live Sefaria context before any replacement,"{""desirest"":3}",{},"H2910 | H2910. tuchah | טֻחוֺת | ed) — טֻחוֺת ‎ of seat of faithfulness, בַּטּ חָפַצְתָּ ׳אֱמֶת ‎ Psa 51:8 faithfulness thou desirest in the inward parts , i.e. in the heart (|| סָתֻם ‎); of seat of wisdom בַּטּ שָׁת ׳מִי חָכְמָה
H3651 | H3651. ken | כֵּן | , 2Kin 2:10 if thou seest me taken from thee כן יהילֿך ‎ let it be to thee so (that is, as thou desirest), 7:20 , with עשׂה ‎ (especially וַיַּעֲשׂוּ וַיַּעַשׂ, ‎) Gen 29:28 ; 42:20 ; 45:21 + often
H9000 |  | ו | be priests of the high places, 2Kin 19:25 ; Isa 25:9 a Lam 1:19 . After a negative, Psa 51:18 thou desirest not sacrifice, וְאֶתֵּ֑נָה ‎ so [= in that case] would I give it (or, that I might give it),"
doest,do,does,3,already-covered,review,Review exact live Sefaria context before any replacement,"{""doest"":3}","{""doest"":""do""}","H834 | H834. asher | אֲשֶׁר | ו ‎. 2 with a casual force, in so far as, since (German demgemäss dass ), Gen 26:29 if thou doest us no harm נגענוך לא כאשׁר ‎ according as, in so far as , we have not touched thee; Num 27:14
H3588 | H3588. ki | כִּי | r 14:12 ; Zech 7:5-6 , Mal 1:8 ; Psa 49:19 and men praise thee לָ֑ךְ תֵיטִיב כִּי ‎ when thou doest well to thyself, 102:1 ; 127:5 +, with perfect Ezek 3:19-21 ; 33:9 ; Prov 11:15 ; 23:22 ; especia
H4100 | H4100. mah | מָה | pare מִי ‎ Amos 7:2 ); to express surprise, Job 9:12 who shall say to him, תעשׂה מה ‎ what doest thou ? 22:13 ; Eccl 8:4 ; Isa 45:9-10 , followed by כִּי ‎, Gen 20:10 עשׂית כי ראית מה ‎"
sayest,say,says,3,review,review,Review exact live Sefaria context before any replacement,"{""sayest"":3}",{},"H1961 | H1961. hayah | הָיָה | ‎ Gen 1:7 , 9 , 11 , 15 , 24 , 30 (all P) +; כִדְבָרֶ֑ךָ יְהִי ‎ 30:34 let it be as thou sayest , Zech 6:15 , see also יִהְיֶה וְלֹא תָקוּם לֹא ‎ Isa 7:7 it shall not arise (be realized) &
H3588 | H3588. ki | כִּי | 22:29 is taken with least violence to usage ( גַּאֲוָה ‎) as Hi When they humble thee, and thou sayest (= complainest) Pride! he will save, etc. אִםֿ כִּי ‎ (the אִם ‎ always followed by makkeph, e
H9000 |  | ו | ll I have pleasure, זָקֵן וַאדֹנִי ‎ and my lord is old (= my lord being old)? Judg 16:15 How sayest thou, I love thee, אִתִּי אֵין וְלִבְּךָ ‎ and (= when ) thy heart is not with me? and especiall"
choosest,choose,chooses,2,review,review,Review exact live Sefaria context before any replacement,"{""choosest"":2}",{},"H977 | H977. bachar | בָּחַר | affliction Job 36:21 ; with accusative and על ‎ pregnantly עלי תבחר אשׁר כל ‎ all that thou choosest (to lay) upon me 2Sam 19:39 . 7 with לְ ‎ of accusative 1Sam 20:30 (many MSS. have בְּ
H5920 | H5920. al | עָ֑ל עַל, | ַתָּן מֹהַר מְאֹד עָלַי הַרְבּוּ ‎ multiply upon me, etc., 2Sam 19:39 (pregnantly) whatsoever thou choosest (and layest) upon me; without a verb, Judg 19:20 עָלָ֑י כָּלמַֿחְסֹערךָ רַק ‎ only let all thy"
givest,give,gives,2,review,review,Review exact live Sefaria context before any replacement,"{""givest"":2}",{},"H6806 | H6806. tsaad | צַ֫עַד | 1 literally step, pace , 2Sam 6:13 , תַּחְתֵּנִי צַעֲדִי תַּרְחִיב ‎ 22:37 = Psa 18:37 , i.e. givest me firm footing, צ ׳מֵטִיבֵי ‎ Prov 30:29 = making a good step , stately in march; Lam 4:18 (|
H7337 | H7337. rachab | רָחַב | , compare Song 6:5 ); with accusative צַעֲדִי ‎ my step, stride Psa 18:37 = 2Sam 22:37 (i.e. givest me firm footing and vigorous step, compare צַעַד ‎ 2 ); enlarge mouth, open it wide, with ע"
goest,go,goes,2,review,review,Review exact live Sefaria context before any replacement,"{""goest"":2}",{},"H1980 | H1980. halak | הָלַךְ | : a. followed by accusative, in General תֵּלֵךְ בְּכָלאֲֿשֶׁר ‎ Gen 28:15 (J) whithersoever thou goest Josh 1:7 , 9 (D), compare 2Sam 7:9 ; 8:6 , 14 = 1Chr 17:8 ; 18:6 , 13 ; more definitely, to a
H3605 | H3605. kol | כֹּל | s the force of wheresover, whithersoever , as Josh 1:7 תֵּלֵךְ אֲשֶׁר בְּכֹל ‎ wheresoever thou goest, 1:16 אֶלכָּֿלאֲֿשֶׁר ‎ whithersoever (see אֲשֶׁר ‎ 4b γ ). Very rarely in such cases is"
keepest,keep,keeps,2,review,review,Review exact live Sefaria context before any replacement,"{""keepest"":2}",{},"H3615 | H3615. kalah | כָּלָה | also (si vera lectio) 74:11 (see VB; Bi Che תִּכְלָא חֵקְךָ בְּקֶרֶב ‎ and thy right hand (why) keepest thou in thy bosom ); accusative + ב ‎ instrumental Jer 14:12 (by sword, famine, and pestilence);
H8104 | H8104. shamar | שָׁמַר | 3 masculine singular עָמְרִי חֻקּוֺת וְיִשְׁתַּמֵּר ‎ Micah 6:16 , but read וְתִשְׁמֹר ‎ thou keepest, observest , We Now GASm."
layest,lay,lays,2,review,review,Review exact live Sefaria context before any replacement,"{""layest"":2}",{},"H5783 | H5783. ur | עוּר | רֵר ‎ (compare 2Sam 23:18 , I. עור ‎ Po`l. ), and so Now [from √ ערר ‎, lay bare ] thou layest , etc.
H5920 | H5920. al | עָ֑ל עַל, | אֹד עָלַי הַרְבּוּ ‎ multiply upon me, etc., 2Sam 19:39 (pregnantly) whatsoever thou choosest (and layest) upon me; without a verb, Judg 19:20 עָלָ֑י כָּלמַֿחְסֹערךָ רַק ‎ only let all thy wants be up"
mightest,might,might,2,review,review,"Review exact live Sefaria context before any replacement; Modal auxiliary: modern third-person form is invariant, not -s","{""mightest"":2}",{},"H3372 | H3372. yare | יָרֵא | inspire reverence, godly fear, and awe: a. as attribute of God, תִּוָּרֵא לְמַעַן ‎ that thou mightest be revered Psa 130:4 ; ו(ה)נוֺרָא (ה)גָּדוֺל ‎ (the) great and awful (God) Deut 7:21 ; 10:17
H4616 | H4616. maan | מַ֫עַן | purpose of the idolatry), Amos 2:7 ; Micah 6:16 : compare Psa 51:6 (see Comn.) in order that thou mightest be just when thou judgest (that is, by manifesting thy justice in judgement on my sin). compare Qor 28:7"
sawest,see,sees,2,review,review,Review exact live Sefaria context before any replacement; Past-tense second-person form: base lemma and third-person present lose the original tense,"{""sawest"":2}",{},"H834 | H834. asher | אֲשֶׁר | where he spake with him, 35:14 ; 39:20 ; Num 13:27 ; 22:26 ; Deut 1:31 in the desert which thou sawest, where (accents Ke Di), 8:15 ; 1Kin 8:9 (unless הַבְּרִית לוּחוֺת ‎ has here fallen out: see
H1768 | H1768. di | דִּי | ם ‎ Job 12:2 ). b. = in that, inasmuch as, whereas: Dan 2:41 and whereas ( דִּי ‎) thou sawest, etc. . . . it shall be adivided kingdom, 2:43 ; 4:20 ; 4:23 ; as a connecting link$ = seeing that,"
seest,see,sees,2,review,review,Review exact live Sefaria context before any replacement,"{""seest"":2}",{},"H1931 | H1931. hu | הוּ | h God hath taken etc., ולבנינו הוא לנו ‎ it is ours and our children's, 31:43 and all that thou seest, הוא לי ‎ it is mine (or, omitting the pronoun, as not required in our idiom, simply) is mine,
H3651 | H3651. ken | כֵּן | with הָיָה ‎, especially כן ויהי ‎ and it was so Gen 1:7 , 9 , 11 +, 2Kin 2:10 if thou seest me taken from thee כן יהילֿך ‎ let it be to thee so (that is, as thou desirest), 7:20 , with"
shewest,show,shows,2,review,review,Review exact live Sefaria context before any replacement; Historical spelling: shew → show,"{""shewest"":2}",{},"H2616 | H2616. chacad | חָסַד | proach, revile , v, II. חסד ‎) — only Hithpa`el Imperfect תִּתְחַסָּ֑ד עִםחָֿסִיד ‎ thou shewest thyself kind 2Sam 22:26 = Psa 18:26 . — On Pi`el Prov 25:10 see II. חסד ‎. II. [ חָס
H2623 | H2623. chasid | חָסִיד | ֯ ‎ 1Sam 2:9 15 t. suffixes; — 1 kind: a. of man ח ׳עם תתחסד ‎ with the kind thou shewest thyself kind 2Sam 22:26 = Psa 18:26 . b. of wing of ostrich חֲסִידָה אֶבְרָה אִם ‎ Job 3"
thinkest,think,thinks,2,review,review,Review exact live Sefaria context before any replacement,"{""thinkest"":2}",{},"H559 | H559. amar | אָמַר | ַפְשְׁךָ מַהתּֿאֹמַר ‎ 1Sam 20:4 compare Est 2:13 ; followed by infinitive = purpose , Exod 2:14 thinkest thou to kill me, as thou killedst the Egyptian ? Josh 22:33 ; 1Sam 30:6 ; 1 Kings 5:19; 2Chr 28:10 ,
H2803 | H2803. chashab | חָשַׁב | Psa 77:6 ; 119:59 , וַתְּחַשְּׁבֵהוּ בֶּןאֱֿנוֺשׁ (מה) ‎ 144:3 what (is) man's son, and thou thinkest upon him (|| תֵּדָעֵהוּ ‎). 2 think to do, devise, plan , with accusative Prov 16:9 , א"
wouldest,would,would,2,already-covered,review,"Review exact live Sefaria context before any replacement; Modal auxiliary: modern third-person form is invariant, not -s","{""wouldest"":2}","{""wouldest"":""would""}","H518 | H518. im | אִם | n 24:38 ). compare Str § 90 .(3) Part, of wishing, if but ...! oh that ...! (rare) Psa 81:9 If thou wouldest hearken to me! 95:7 ; 139:19 ; Prov 24:11 . compare Exod 32:32 . With an imperative (si vera lectio
H3700 | H3700. kasaph | כָּסַף | erfect 2masculine singular תִּכְסֹ֑ףלְמַעֲשֵׂה יָדֶיךָ ‎ Job 14:15 for the work of thy hands thou wouldest long ; 3 masculine singular לִטְרֹ֑ף יִכְסוֺף כְּאַרְיֵה ‎ Psa 17:12 like a lion that longeth to"
answerest,answer,answers,1,review,review,Review exact live Sefaria context before any replacement,"{""answerest"":1}",{},"H4834 | H4834. marats | מָרַץ | ect suffix מַהיַּֿמְרִיצְךָ ‎ Job 16:3 what sickens thee (what disturbs, vexes thee) that thou answerest ? [ מְרֻצָה ‎] see מְרוּצָה ‎ below רוץ ‎. מַרְצֵעַ ‎ see רצע ‎. מַרְצֶ֫פ"
becamest,become,becomes,1,review,review,Review exact live Sefaria context before any replacement; Past-tense second-person form: base lemma and third-person present lose the original tense,"{""becamest"":1}",{},"H3780 | H3780. kasah | כָּשָׂה | y Qal Perfect 2masculine singular כָּשִׂיתָ עָבִיתָ שָׁמַנְתָּ ‎ Deut 32:15 thou grewest fat, becamest thick, wast gorged ! figurative of Israel as fat beast (compare Dr). כֻּשִׁית כֻּשִׁיִּים ‎ see"
beginnest,begin,begins,1,review,review,Review exact live Sefaria context before any replacement,"{""beginnest"":1}",{},"H3318 | H3318. yatsa | יָצָא | 29:6 ; figurative Deut 28:6 blessed shalt thou be ובצאתך בבואך ‎, i.e. when thou completest and beginnest any undertaking, so 28:19 ; 31:2 ולבוא לצאת אוכל לא ‎, i.e. I can no more engage in active under"
beholdest,behold,beholds,1,review,review,Review exact live Sefaria context before any replacement,"{""beholdest"":1}",{},H3027 | H3027. yad | יָד | verse). g. חָזִית יָד ‎ Isa 57:8 according to Hi De Che Or Brd Du and most = a phallus thou beholdest ; this favoured by context but without support in Hebrew usage; Di a (beckoning) hand . 5 יַד
bringest,bring,brings,1,review,review,Review exact live Sefaria context before any replacement,"{""bringest"":1}",{},"H2318 | H2318. chadash | חָדַשׁ | 12 (|| בּרא ‎); = bring back כְּקֶדֶם יָמֵינוּ ‎ Lam 5:21 ; ׳ח עדיך ‎ Job 10:17 i.e. bringest fresh (new) witnesses. 2 repair , cities Isa 61:4 , temple 2Chr 24:4 , 12 , altar 15:8 . Hi"
broadenest,broaden,broadens,1,review,review,Review exact live Sefaria context before any replacement,"{""broadenest"":1}",{},"H8478 | H8478. tachath | תַּחַת | ְגָּה ׳אַשְׁדֹּת ‎ Josh 11:3 , 17 +; figurative Psa 18:37 אְעָדַי תַּרְחִיד תַּחְתָּ֑י ‎ thou broadenest mysteps under me , Job 36:15 תַּחְתֶּיךָ מוּצָק לאֹ רַחַב ‎ (so read for תחתיה ‎, Di Bu) br"
buyest,buy,buys,1,review,review,Review exact live Sefaria context before any replacement,"{""buyest"":1}",{},"H3588 | H3588. ki | כִּי | roadly, after which special cases are introduced by אִם ‎, as Exod 21:2 when ( כִּי ‎) thou buyest a Hebrew servant, he shall serve thee six years, after which 21:3-5 follow four special cases with"
camest,come,comes,1,review,review,Review exact live Sefaria context before any replacement; Past-tense second-person form: base lemma and third-person present lose the original tense,"{""camest"":1}",{},"H2958 | H2958. terom | טֶ֫רֶם | טֶרֶם ‎ 39 , with the same force: of past time, Gen 27:33 I ate of all תבא בטרם ‎ before thou camest, 37:18 ; 41:50 ; Judg 14:18 ; 1Sam 2:15 ; Jer 1:5 ; 47:1 ; Ezek 16:57 ; Psa 90:2 ; Prov 8:25 ("
chancest,chance,chances,1,review,review,Review exact live Sefaria context before any replacement; Potentially unusual English gloss; check local context,"{""chancest"":1}",{},"H4672 | H4672. matsa | מָצָא | ion may demand, so 1Sam 10:7 (with accusative; compare Eccl 9:10 3c ); but Eccl 25:8 = what thou chancest to have , compare מ ׳אֲשֶׁר זָהָב כְלִי ‎ Num 31:50 (P); יִמְצָאֻהוּ וְלֹא ‎ Job 20:8 = an"
cheerest,cheer,cheers,1,review,review,Review exact live Sefaria context before any replacement,"{""cheerest"":1}",{},H2302 | H2302. chadah | חָדָה | l Imperfect suffix (causative) בְשִׂמְחְה תְּחַדֵּהוּ ‎ Psa 21:7 thou makest him joyful (Che cheerest him ) with gladness (|| בְרָכוֺת תְּשִׁיתֵהוּ ‎).
cleavest,cleave,cleaves,1,review,review,Review exact live Sefaria context before any replacement,"{""cleavest"":1}",{},"H1234 | H1234. baqa | בָּקַע | Job 28:10 בּ יְאֹרִים ׳בַּצּוּרוֺת ‎; תְּבַקַּעאָֿ֑רֶץ נְהָרוֺת ‎ Hab 3:9 into rivers thou cleavest (the) earth; break through or down (a wall, but no object expressed), Ezek 13:11 תְּבֵַקּ֑עַ סְע"
comest,come,comes,1,review,review,Review exact live Sefaria context before any replacement,"{""comest"":1}",{},"H935 | H935. bo | בּוֺא | ‎ Judg 6:4 ; compare 11:33 ; 1Sam 17:52 ; 2Sam 5:25 ; 1Kin 18:46 ( עַדבֹּֿאֲכָה ‎) until thou comest to = as far as; so also בּוֺאֲךָ ‎ ( בֹּאֲכָה ‎) alone, = as far as, or in the direction of,"
complainest,complain,complains,1,review,review,Review exact live Sefaria context before any replacement,"{""complainest"":1}",{},"H3588 | H3588. ki | כִּי | taken with least violence to usage ( גַּאֲוָה ‎) as Hi When they humble thee, and thou sayest (= complainest) Pride! he will save, etc. אִםֿ כִּי ‎ (the אִם ‎ always followed by makkeph, except Gen 15:4"
completest,complete,completes,1,review,review,Review exact live Sefaria context before any replacement,"{""completest"":1}",{},"H3318 | H3318. yatsa | יָצָא | 18:16 , compare 29:6 ; figurative Deut 28:6 blessed shalt thou be ובצאתך בבואך ‎, i.e. when thou completest and beginnest any undertaking, so 28:19 ; 31:2 ולבוא לצאת אוכל לא ‎, i.e. I can no more engage i"
criest,cry,cries,1,review,review,Review exact live Sefaria context before any replacement,"{""criest"":1}",{},"H7452 | H7452. rea | רֵעַ | of telleth of him (< רַעְמוֺ ‎ his thunder , so Bu); רֵעַ תָרִיעִי לָמָּה ‎ Micah 4:9 why criest thou out with a crying? i.e. so loudly (but see √ 6 ). — II. III. רֵעַ ‎ see רעה ‎. p. 94"
cursest,curse,curses,1,review,review,Review exact live Sefaria context before any replacement,"{""cursest"":1}",{},"H834 | H834. asher | אֲשֶׁר | hether in the nominative or oblique cases, as Num 22:6 יוּאָר תָּאֹר וַאֲשֶׁר ‎ and he whom thou cursest is cursed, Exod 4:12 and I will teach thee תְּדַבֵּר אֲשֶׁר ‎ that which thou shalt say; and wit"
decrest,decree,decrees,1,review,review,Review exact live Sefaria context before any replacement; Likely abbreviated/OCR form for decreest; verify source spelling,"{""decrest"":1}",{},"H3789 | H3789. kathab | כָּתַב | the peoples , etc. 4 = decree , מְרֹרוֺת עָלַי תִּכְתֹּב ‎ Job 13:26 thou ( ׳י ‎) decrest against me bitter things. Niph`al (chiefly late, especially Esther), Imperfect יִכָּתֵב ‎ E"
determinest,determine,determines,1,review,review,Review exact live Sefaria context before any replacement,"{""determinest"":1}",{},"H2219 | H2219. zarah | זָרָה | ְרִבְעִי אָרְחִי ‎ Psa 139:3 my path and my couch thou siftest (Che; Ba ZMG 1887, 607 measurest, determinest , whence זֶרֶת ‎ q. v.) Pu`al be scattered,Imperfect יְזֹרֶה ‎ Job 18:15 , subject ג"
dissolvest,dissolve,dissolves,1,review,review,Review exact live Sefaria context before any replacement,"{""dissolvest"":1}",{},"H8663 | H8663. teshuah | תְּשֻׁאָה | סֻכָּתוֺ ‎ 36:29 (of thunder); read perhaps singular תְּשֻׁוָה ‎ (= תְּישׁאָה ‎) 30:22 Kt, dissolvest me in (or, into ) the roar of the storm (|| make me ride on wind ), so Ew Ol De Di Du Bu and other"
dwellest,dwell,dwells,1,review,review,Review exact live Sefaria context before any replacement,"{""dwellest"":1}",{},"H2063 | H2063. zoth | זֹאת | oun (rare: but see also זוּ זוֺ, ‎): Psa 74:2 the hill of Zion בּוֺ שׁכנת זה ‎ wherein thou dwellest, 78:54 ; 104:8 זה אלמְֿקום ‎ to the place ( stative construct Ges § 130 . 3) which . . . 78:"
excellest,excel,excels,1,review,review,Review exact live Sefaria context before any replacement,"{""excellest"":1}",{},"H5927 | H5927. alah | עָלָה | and even בְ ‎ whither Josh 15:3 , 6 , 8 ; 18:12 (twice in verse) + (all P). 10. excel: thou excellest ( עַל ‎) them Prov 31:29 ; be superior to מעלה מעלה עליך יעלה ‎ Deut 28:43 . — עוֺלֶה"
fixest,fix,fixes,1,review,review,Review exact live Sefaria context before any replacement,"{""fixest"":1}",{},"H2707 | H2707. chaqah | חָקָה | Job 13:27 thou gravest thee a graving (= markest a line) for (i.e. about) the soles of my feet , fixest limits for them (see Di). חֻקָּה ‎ see below חקק ‎. below"
floodest,flood,floods,1,review,review,Review exact live Sefaria context before any replacement,"{""floodest"":1}",{},"H2229 | H2229. zaram | זָרַם | r 73 & in Zim BP 119 ) — Qal Perfect 2masculine singular suffix זְרַמְתָּם ‎ Psa 90:5 thou floodest them with rain, sweepest them (men) away . Po. Perfect 3plural עָבוֺת מַ֫יִם זֹ֫רְמוּ ‎ Psa"
forgattest,forget,forgets,1,review,review,Review exact live Sefaria context before any replacement; Past-tense second-person form: base lemma and third-person present lose the original tense,"{""forgattest"":1}",{},"H7876 | H7876. shayah | שָׁיָה | ּר תֶּ֑שִׁי ‎ Deut 32:18 , but < read תִּשֶּׁה ‎ (II. נשׁה ‎) the Rock which begat thee thou forgattest , Samaritan תשא ‎, Di Dr."
gavest,give,gives,1,review,review,Review exact live Sefaria context before any replacement; Past-tense second-person form: base lemma and third-person present lose the original tense,"{""gavest"":1}",{},"H1931 | H1931. hu | הוּ | forth out of thine own bowels, יִירָשֶׁ֑ךָ הוּא ‎ he shall be thy heir, 3:12 the woman whom thou gavest to be with me, לי נתנה הוא ‎ she gave to me, 24:7 ; 44:17 etc. Judg 7:4 ; 2Sam 14:19 (throw"
girdest,gird,girds,1,review,review,Review exact live Sefaria context before any replacement,"{""girdest"":1}",{},"H2296 | H2296. chagar | חָגַר | gird themselves ; compare תַּחְ חֵמֹת ׳שְׁאֵרִית ‎ 76:11 with a remnant (residue) of wraths thou girdest thyself , so Hi Hup De VB; but very doubtful; ᵐ5 ‎ Bö Ew read תְּחָגָּ֑ךָ ‎ for תַּחגר ‎;"
gluttest,glut,gluts,1,review,review,Review exact live Sefaria context before any replacement,"{""gluttest"":1}",{},"H7621 | H7621. shebuah | שְׁבֻעָה שְׁבוּעָה, | shafts thy quiver ; Marti (after ᵐ5 ‎ Manuscripts ) thy bow was satiated with shafts ; GASm thou gluttest (?) thy shafts . — Ezek 21:28 see √."
grewest,grow,grows,1,review,review,Review exact live Sefaria context before any replacement; Past-tense second-person form: base lemma and third-person present lose the original tense,"{""grewest"":1}",{},"H3780 | H3780. kasah | כָּשָׂה | 503 ); — only Qal Perfect 2masculine singular כָּשִׂיתָ עָבִיתָ שָׁמַנְתָּ ‎ Deut 32:15 thou grewest fat, becamest thick, wast gorged ! figurative of Israel as fat beast (compare Dr). כֻּשִׁית כֻּשִׁיִ"
hearkenest,hearken,hearkens,1,review,review,Review exact live Sefaria context before any replacement,"{""hearkenest"":1}",{},"H9000 |  | ו | e and the Perfect — in answer to אִם ‎ or כִּי ‎ constantly, as Exod 19:5 ; 23:22 if thou hearkenest to my voice, וְאָֽיַבְתִּ֫י ‎ then am I (= I will be) enemy to thy enemies (see Dr § 136-8 ); aft"
judgest,judge,judges,1,review,review,Review exact live Sefaria context before any replacement,"{""judgest"":1}",{},"H4616 | H4616. maan | מַ֫עַן | Amos 2:7 ; Micah 6:16 : compare Psa 51:6 (see Comn.) in order that thou mightest be just when thou judgest (that is, by manifesting thy justice in judgement on my sin). compare Qor 28:7 (Fl Kl. Schr. i. 397 f. )"
lendest,lend,lends,1,review,review,Review exact live Sefaria context before any replacement,"{""lendest"":1}",{},H5378 | H5378. nasha | נָשָׁא | Deut 15:2 who lendeth to his neighbour; 2 masculine singular בְּ תַּשֶּׁה ‎ 24:10 when thou lendest to thy neighbour (+ accusative of congnate meaning with verb).
lovest,love,loves,1,review,review,Review exact live Sefaria context before any replacement,"{""lovest"":1}",{},"H1571 | H1571. gam | גַּם | ast forgotten the direction of thy God, I also (on my part) will forget thy children, Psa 52:7 (thou lovest evil, etc.) יִתָּצְךָ אֵל גַּם ‎ God also (on his part) will pluck thee up, 71:22 ; 133:1 ; Pr"
markest,mark,marks,1,review,review,Review exact live Sefaria context before any replacement,"{""markest"":1}",{},"H2707 | H2707. chaqah | חָקָה | masculine singular תִּתְחַקֶּה רַגְלַי עלשָֿׁרְשֵׁי ‎ Job 13:27 thou gravest thee a graving (= markest a line) for (i.e. about) the soles of my feet , fixest limits for them (see Di). חֻקָּה ‎ see"
measurest,measure,measures,1,review,review,Review exact live Sefaria context before any replacement,"{""measurest"":1}",{},"H2219 | H2219. zarah | זָרָה | זֵרִ֑יתָ וְרִבְעִי אָרְחִי ‎ Psa 139:3 my path and my couch thou siftest (Che; Ba ZMG 1887, 607 measurest, determinest , whence זֶרֶת ‎ q. v.) Pu`al be scattered,Imperfect יְזֹרֶה ‎ Job 18:15 ,"
observest,observe,observes,1,review,review,Review exact live Sefaria context before any replacement,"{""observest"":1}",{},"H8104 | H8104. shamar | שָׁמַר | ine singular עָמְרִי חֻקּוֺת וְיִשְׁתַּמֵּר ‎ Micah 6:16 , but read וְתִשְׁמֹר ‎ thou keepest, observest , We Now GASm."
pleasest,please,pleases,1,review,review,Review exact live Sefaria context before any replacement,"{""pleasest"":1}",{},H2655 | H2655. chaphets | חָפֵץ | nfinitive Neh 1:11 ; absolute הֶחָפֵץ ‎ whosoever would 1Kin 13:33 ; אתה חפץ אם ‎ if thou pleasest 21:6 ; חֲפֵצָה נֶפֶשׁ ‎ willing soul 1Chr 28:9 ; plural construct before nouns absolute Psa 35
rememberest,remember,remembers,1,review,review,Review exact live Sefaria context before any replacement,"{""rememberest"":1}",{},"H4100 | H4100. mah | מָה | should do , etc.? and often in poetry, as Psa 8:5 תזכרנו כי אנושׁ מָה ‎ what is man that thou rememberest him ? Job 6:11 אֲיַחֵל כִּי מַהכֹּֿחִי ‎, 6:11 ; b 7:17 ; 15:12 f; 15:14 ; 16:3 ; 21:15 +"
scarest,scare,scares,1,review,review,Review exact live Sefaria context before any replacement,"{""scarest"":1}",{},H2865 | H2865. chathath | חָתַת | masculine singular suffix בַחֲלֹמוֺת וְחִתַּתַּ֫נִי ‎ (Kö i. 372 ) consecutive Job 7:14 and thou scarest me with dreams (|| בִּעֵת ‎); 3 feminine singular חִתְּתָה ‎ Jer 51:56 (of bows) is intrans
scornest,scorn,scorns,1,review,review,Review exact live Sefaria context before any replacement,"{""scornest"":1}",{},"H3887 | H3887. luts | לִיץ | plural לֵצִים ‎ Psa 1:1 3 t.; — scorn , תִשָּׂא לְבַדְּךָ וְלַצְתָּ ‎ Prov 9:12 if thou scornest thou alone shalt bear it (opposed to חָכַמְתָּ ‎), with accusative 14:9 ; 19:28 ; with הוּאיָ"
settest,set,sets,1,review,review,Review exact live Sefaria context before any replacement,"{""settest"":1}",{},"H8239 | H8239. shaphath | שָׁפַת | ‎): Imperfect 2masculine singular suffix תִּשְׁמְּתֵנִי ‎ Psa 22:16 in the dust of death thou settest me. 2 ordain, establish , 2 masculine singular לָ֑נוּ שָׁלוֺם תִּשְׁמֹּת ‎ Isa 26:12 ."
shouldest,should,should,1,review,review,"Review exact live Sefaria context before any replacement; Modal auxiliary: modern third-person form is invariant, not -s","{""shouldest"":1}",{},H3806 | H3806. kathash | כָּתַשׁ | ndsch. 58 ); — Qal Imperfect בַּמַּכְתֵּשׁ אֶתהָֿאֱוִיל אִםתִּֿכְתּוֺשׁ ‎ Prov 27:22 if thou shouldest bray the fool in the mortar.
siftest,sift,sifts,1,review,review,Review exact live Sefaria context before any replacement,"{""siftest"":1}",{},"H2219 | H2219. zarah | זָרָה | ompare Qal 2 ) only figurative זֵרִ֑יתָ וְרִבְעִי אָרְחִי ‎ Psa 139:3 my path and my couch thou siftest (Che; Ba ZMG 1887, 607 measurest, determinest , whence זֶרֶת ‎ q. v.) Pu`al be scattered,Im"
softenest,soften,softens,1,review,review,Review exact live Sefaria context before any replacement,"{""softenest"":1}",{},"H4127 | H4127. mug | מוּג | Imperfect 2 masculine singular suffix (subject God): תְּמֹגְגֶנָּה בִּרְבִיבִם ‎ Psa 65:11 thou softenest it [the earth] with showers ; figurative, = dissipate וּתְמֹגְגֵ֫נִי ‎ Job 30:22 — We reads"
speakest,speak,speaks,1,review,review,Review exact live Sefaria context before any replacement,"{""speakest"":1}",{},"H1696 | H1696. dabar | דָּבַר | ently, האלה הדברים את ׳ד ‎ Exod 20:1 ; Deut 5:19 +; דְּבָרֶיךָ עוֺד תְּדַבֵּר לָמָּה ‎ why speakest thou any more of thy affairs ? 2Sam 19:30 ; דְּבָרָ֑י אִםדִּֿבַּרְתִּי עַד ‎ until I have told"
standest,stand,stands,1,review,review,Review exact live Sefaria context before any replacement,"{""standest"":1}",{},"H1931 | H1931. hu | הוּ | עה חלום ‎ the dream of Pharaoh is one, 48:5 ( הם לי ‎), Exod 3:5 for the place where on thou standest, הוּא קֹדֶשׁ אַדְמַת ‎ it is holy ground, Num 13:32 ; 21:26 ; Deut 1:17 ; Josh 5:15 ; 6:19 ;"
strivest,strive,strives,1,review,review,Review exact live Sefaria context before any replacement,"{""strivest"":1}",{},"H2734 | H2734. charah | חָרָה | (in a race) with the horses ? Participle בָאָ֑רֶז מְתַחֲרֶה אַתָּה כִּי ‎ 22:15 because thou strivest eagerly (to excel) in cedar ; explained as Tiph`el by Thes Ges § 55 , 5 Ew § 122 a Ol § 255 a Sta"
swearest,swear,swears,1,review,review,Review exact live Sefaria context before any replacement,"{""swearest"":1}",{},"H5110 | H5110. nud | נוּד | 4:1 (Gie, as apodosis, so RV; but Ew Hi Gf Che Ke, as protasis, if thou wanderest not [morally], and swearest, etc., — Ew Hi reading with תנוד לא וּמִמָּנַי מִמִּיךָ שׁקוציך ᵐ5 ‎; Co strike out 4:1 ; 4:2 );"
sweepest,sweep,sweeps,1,review,review,Review exact live Sefaria context before any replacement,"{""sweepest"":1}",{},"H2229 | H2229. zaram | זָרַם | Qal Perfect 2masculine singular suffix זְרַמְתָּם ‎ Psa 90:5 thou floodest them with rain, sweepest them (men) away . Po. Perfect 3plural עָבוֺת מַ֫יִם זֹ֫רְמוּ ‎ Psa 77:18 the cloud masses"
takest,take,takes,1,review,review,Review exact live Sefaria context before any replacement,"{""takest"":1}",{},"H5608 | H5608. saphar | סָפַר | t of , carefully observe and consider, reckon: תִּסְמּוֺר צְעָדַי ‎ Job 14:16 of my steps thou takest account , so 31:4 ; see also 38:37 (compare above); סָפַרַתַּה נֹדִי ‎ Psa 56:9 my wandering"
turnest,turn,turns,1,review,review,Review exact live Sefaria context before any replacement,"{""turnest"":1}",{},"H6753 | H6753. Tselelponi | הַצְּלֶלְמּוֺנִי | or Hatstselelponi הַצְּלֶלְמּוֺנִי ‎ proper name, feminine in Judah ( give shade , thou that turnest to me! ) 1Chr 4:3 , Εσηλεββων , etc. IV. צלל ‎ (√ of following; meaning dubious; Ethiopic is u"
undertakest,undertake,undertakes,1,review,review,Review exact live Sefaria context before any replacement,"{""undertakest"":1}",{},"H6437 | H6437. panah | מָּנָה | tive אֲשֶׁריִֿפְנֶה כֹּל ‎ 1Sam 14:47 , so, + שָׁם ‎, figurative 1Kin 2:3 , i.e. whatever thou undertakest, יִפְנֶה אֶלכָּֿלאֲֿשֶׁר ‎ Prov 17:8 . b. turn from, מִן ‎ local Gen 18:22 , figurative"
wanderest,wander,wanders,1,review,review,Review exact live Sefaria context before any replacement,"{""wanderest"":1}",{},"H5110 | H5110. nud | נוּד | ‎ Gen 4:12 , 14 (J), Jer 4:1 (Gie, as apodosis, so RV; but Ew Hi Gf Che Ke, as protasis, if thou wanderest not [morally], and swearest, etc., — Ew Hi reading with תנוד לא וּמִמָּנַי מִמִּיךָ שׁקוציך ᵐ5 ‎; C"
watchest,watch,watches,1,review,review,Review exact live Sefaria context before any replacement,"{""watchest"":1}",{},"H518 | H518. im | אִם | :4 ; Psa 41:7 ; 94:18 ; Job 7:4 ; 9:30 f. 10:14 וּשְׁמַרְתָּ֑נִי חָטָאתִי אִם ‎ if I sin, thou watchest me. On אִםנָֿא ‎ Gen 18:3 and elsewhere see נָא ‎. ( b ) of past time, whether ( a ) in ac"
weavest,weave,weaves,1,review,review,Review exact live Sefaria context before any replacement,"{""weavest"":1}",{},"H5526 | H5526. cakak | סִיךְ סוּךְ, | Po`lel Imperfect 2masculine singular suffix תְּשׂכְכֵנִי ‎ Job 10:11 with bones and sinews thou weavest me together. . III. שׂכך ‎ (√ of following; compare I. שׂוך ‎. II. סוך ‎). IV. [ שָׂ"
workest,work,works,1,review,review,Review exact live Sefaria context before any replacement,"{""workest"":1}",{},"H7423 | H7423. rmiyah | רְמִיָּה | ad לְשֹׁוֺן ‎ ?) Psa 120:2 (|| שֶׁקֶר שְׂפַת ‎), 120:3 ; of man, ר ׳עשֵֹׁה ‎ 52:4 that workest treachery , 101:7 (|| שְׁקָדִים דֹּבֵר ‎); also Job 13:7 ; 27:4 (both || עַוְלָה ‎); dece"
worshippest,worship,worships,1,review,review,Review exact live Sefaria context before any replacement,"{""worshippest"":1}",{},"H2509 | H2509. chalaq | חָלָק | ל ‎ Isa 57:6 (see I. חֵלֶק ‎, 4 ) smooth (stones) of a brook-bed (ravine, wady), i.e. thou worshippest common round stones (contempt., see Che Di). 2 figurative of mouth uttering smooth words חִכָּהּ"
