title	url	category	description	origin	access	caution
Torah Research Board	https://torah-research.yaakovbeckerman.com/	AI tools & text processing	Research-board interface combining Jewish texts, commentaries and AI assistance, as described in Sefaria’s directory.	Sefaria directory	Not independently verified	Directory-listed; AI output and citation accuracy not benchmarked.
Mekoros	https://mekoros.com/	AI tools & text processing	Source discovery and source-sheet compilation across Jewish texts. Its site advertises source verification.	Sefaria directory	Not independently verified	Provider claims of “no hallucinations” are not an independent finding; inspect every cited source.
Ituria	https://github.com/Sivan22/ituria	AI tools & text processing	Open-source AI assistant integrating text and commentary retrieval from Sefaria; useful for studying retrieval workflows.	Sefaria directory	Repository; setup and model costs may apply	Review current maintenance, dependencies and licenses before running.
PshatGPT	https://pshatgpt.com/	AI tools & text processing	Page-contextual Gemara and commentary assistance, according to the Sefaria directory.	Sefaria directory	Not independently verified	Explanations are not critical editions or authoritative rulings.
Mishneh AI	https://mishneh.ai/	AI tools & text processing	AI-assisted Jewish-text research and learning tool listed by Sefaria.	Sefaria directory	Not independently verified	Inspect source links and text versions; functionality not independently benchmarked.
Torah Scholar MCP	https://github.com/abeperl/torah-scholar	Developer resources	A repository connecting AI research workflows to Jewish-text tools and sources.	Sefaria directory	Repository; setup required	A developer integration, not a scholarly authority. Review software and source licenses.
Jastrow Search	https://onegkg.github.io/Jastrow-Search/	Dictionaries & language	A focused search interface for Jastrow, listed in Powered by Sefaria.	Sefaria directory	Confirm current terms	Check displayed entries against the dictionary; not a new lexicographic edition.
Jastrow App	https://jastrow.app/	Dictionaries & language	A dedicated digital dictionary interface listed in the Sefaria ecosystem.	Sefaria directory	Confirm current terms	Check entry coverage and source edition.
Bekiut	https://bekiut.com/	Primary texts	A Jewish-text reader and study project listed in Powered by Sefaria.	Sefaria directory	Confirm current terms	Disclosure: this is guide author Ezra Brand’s project. Listing is not an independent review.
Talmud.page	https://talmud.page/	Primary texts	A Talmud reading interface listed in Powered by Sefaria.	Sefaria directory	Confirm current terms	Check translations and editions before scholarly citation.
Kitfei Anaqim	http://kitfei.org/	Primary texts	A Jewish-text project listed among Sefaria-powered study tools.	Sefaria directory	Not independently verified	Coverage and current functionality require direct review.
Sefaria Library Assistant	https://www.sefaria.org/ai	AI tools & text processing	Sefaria’s own AI information and Library Assistant entry point, with discussion of generative-AI limitations.	JewishAI directory	Login offered on reviewed page	Retrieved sources and generated synthesis must be checked separately.
DICTA tools	https://dicta.org.il/tools	AI tools & text processing	Hebrew tools including vocalization, citation discovery, translation and library search. The official tools page describes the available services.	JewishAI directory	Varies by tool	Language-model output and automatic text correction can silently alter meaning.
AlephBERT	https://aclanthology.org/2022.acl-long.4/	AI scholarship & methods	Research paper on a Hebrew language model; relevant to computational work on Hebrew text.	JewishAI directory	Open paper	A research model is not automatically validated for rabbinic Hebrew or Aramaic.
AlephBertGimmel	https://github.com/Dicta-Israel-Center-for-Text-Analysis/alephbertgimmel	Developer resources	Hebrew NLP model repository from DICTA, useful for computational language research.	JewishAI directory	Repository; inspect license	Check the model card, training corpus and task suitability.
Awesome Hebrew NLP	https://github.com/iddoberger/awesome-hebrew-nlp	Developer resources	A curated starting list for Hebrew NLP tools, datasets and research.	JewishAI directory	Repository	List inclusion does not establish quality, maintenance or data-use permission.
Hebrew and Arabic NLP resources	https://resources.nnlp-il.mafat.ai/	Developer resources	Language-resource discovery portal listed by JewishAI for Hebrew and Arabic NLP.	JewishAI directory	Varies by dataset	Check each dataset’s license and historical-language coverage.
Sefaria models	https://huggingface.co/Sefaria	Developer resources	Sefaria’s model and dataset organization on Hugging Face, a starting point for reproducible experiments.	JewishAI directory	Varies by model	Read model cards, licenses and intended-use limitations.
HaMapah	https://blog.hamapah.org/	AI scholarship & methods	Quantitative analysis of rabbinic responsa; a methodological example of digital Jewish studies.	JewishAI directory	Public research blog	Digital humanities is broader than generative AI; inspect data and analytical assumptions.
AJS Perspectives: AI issue	https://associationforjewishstudies.org/docs/default-source/ajs-perspectives/ajs_perspectives-ai-issue-web.pdf	AI scholarship & methods	A collection of disciplinary reflections on AI and Jewish studies, listed in JewishAI.	JewishAI directory	PDF	Magazine essays are distinct from peer-reviewed experimental evaluations.
AI and Hebrew manuscripts	https://www.biu.ac.il/en/article/11914	AI scholarship & methods	A university overview of AI-related Hebrew manuscript research.	JewishAI directory	Public article	An institutional overview, not a substitute for the underlying methods and data.
A Canary in the AI Coal Mine	https://arxiv.org/pdf/2403.13073	AI scholarship & methods	A research preprint listed in JewishAI concerning AI and Jewish textual knowledge.	JewishAI directory	Open preprint	Check the full paper, revision date and evaluation scope before citing conclusions.
What’s Wrong with Hebrew NLP?	https://aclanthology.org/D19-3044/	AI scholarship & methods	A methods paper on Hebrew NLP challenges; useful background for evaluating language-processing tools.	JewishAI directory	Open paper	Match the paper’s tasks and language variety to your own corpus.
Artificial Intelligence and Jewish Thought	https://davidzvi.com/wp-content/uploads/2025/02/Artificial-Intellige-and-Jewish-Thought.pdf	AI scholarship & methods	David Zvi Kalman’s discussion of artificial intelligence and Jewish thought, listed in JewishAI.	JewishAI directory	PDF	Broader conceptual reading; not a technical benchmark or halakhic ruling.
