url,status,http_status,final_url,source_pages,checked_at,alternative_url,repair_note
http://forum.otzar.org/viewtopic.php?f=7&t=25619,blocked_or_restricted,403,http://forum.otzar.org/viewtopic.php?f=7&t=25619,10,2026-10-09T13:08:08.693706+00:00,,
http://herzogpress.herzog.ac.il/ktav.asp?id=3,http_error,500,https://herzogpress.herzog.ac.il/ktav.asp?id=3,33,2026-10-09T13:08:08.739982+00:00,,
http://jgbherzog.jgaliciabukovina.net/index.php/he/article,blocked_or_restricted,403,http://jgbherzog.jgaliciabukovina.net/index.php/he/article,35,2026-10-09T13:08:08.924089+00:00,,
http://jgbherzog.jgaliciabukovina.net/index.php/he/node/2,blocked_or_restricted,403,http://jgbherzog.jgaliciabukovina.net/index.php/he/node/2,36,2026-10-09T13:08:08.936236+00:00,,
http://old.piyut.org.il/search/,network_error,,http://old.piyut.org.il/search/,11,2026-10-09T13:08:09.069827+00:00,,
http://tiresias.haifa.ac.il/,http_error,500,https://tiresias.haifa.ac.il/,37,2026-10-09T13:08:09.612251+00:00,,
http://uli.nli.org.il/F?func=find-b-0&local_base=mbi01,not_found,404,https://uli.nli.org.il/F?func=find-b-0&local_base=mbi01,25,2026-10-09T13:08:09.966693+00:00,,
http://www.steinheim-institut.de/cgi-bin/epidat?lang=en&release=beta&id=&info=&show=&project=,http_error,503,https://www.steinheim-institut.de/cgi-bin/epidat?lang=en&release=beta&id=&info=&show=&project=,15,2026-10-09T13:08:11.532407+00:00,,
https://appstore.artscroll.com/,blocked_or_restricted,403,https://appstore.artscroll.com/,47,2026-10-09T13:08:13.188296+00:00,,
https://associationforjewishstudies.org/publications-research/adventures-in-jewish-studies-podcast,not_found,404,https://associationforjewishstudies.org/publications-research/adventures-in-jewish-studies-podcast,45,2026-10-09T13:08:13.749844+00:00,https://www.associationforjewishstudies.org/podcasts,Current official page explicitly titled Adventures in Jewish Studies; content reviewed 2026-10-09. Appropriate replacement for the podcast landing page.
https://blog.nli.org.il/,blocked_or_restricted,403,https://blog.nli.org.il/,43,2026-10-09T13:08:15.772064+00:00,,
https://blog.nli.org.il/en/,blocked_or_restricted,403,https://blog.nli.org.il/en/,44,2026-10-09T13:08:15.785813+00:00,,
https://brill.com/view/book/edcoll/9789004325234/B9789004325234_013.xml,http_error,405,https://brill.com/view/book/edcoll/9789004325234/B9789004325234_013.xml,3,2026-10-09T13:08:16.094583+00:00,,
https://brill.com/view/db/ehhl,http_error,405,https://brill.com/view/db/ehhl,39,2026-10-09T13:08:16.107845+00:00,,
https://brill.com/view/db/ejhc,http_error,405,https://brill.com/view/db/ejhc,39,2026-10-09T13:08:16.111679+00:00,,
https://brill.com/view/db/ejio,http_error,405,https://brill.com/view/db/ejio,39,2026-10-09T13:08:16.112759+00:00,,
https://brill.com/view/db/ejo,http_error,405,https://brill.com/view/db/ejo,39,2026-10-09T13:08:16.563946+00:00,,
https://daat.ac.il/EPUB/home.asp,network_error,,https://daat.ac.il/EPUB/home.asp,29,2026-10-09T13:08:16.957599+00:00,,
https://daat.ac.il/daat/bibliogr/allbooks.asp?sub=0,network_error,,https://daat.ac.il/daat/bibliogr/allbooks.asp?sub=0,29,2026-10-09T13:08:16.968201+00:00,,
https://daat.ac.il/he-il/kitveyet/,network_error,,https://daat.ac.il/he-il/kitveyet/,35,2026-10-09T13:08:17.042902+00:00,,
https://daat.ac.il/he-il/kitveyet/hamayan/gilyonot,network_error,,https://daat.ac.il/he-il/kitveyet/hamayan/gilyonot,33,2026-10-09T13:08:17.070889+00:00,,
https://daat.ac.il/he-il/kitveyet/taleley_orot,network_error,,https://daat.ac.il/he-il/kitveyet/taleley_orot,33,2026-10-09T13:08:17.123754+00:00,,
https://editions.erabbinica.org/,network_error,,https://editions.erabbinica.org/,21,2026-10-09T13:08:18.815705+00:00,,
https://en.wikipedia.org/wiki/Closed_platfor,not_found,404,https://en.wikipedia.org/wiki/Closed_platfor,42,2026-10-09T13:08:20.248932+00:00,https://en.wikipedia.org/wiki/Closed_platform,Likely truncated title in the PDF hyperlink. Suggested spelling correction only; destination content not verified in this pass.
https://etc.princeton.edu/sefer_hasidim/index.php?a=about,network_error,,https://etc.princeton.edu/sefer_hasidim/index.php?a=about,21,2026-10-09T13:08:22.342138+00:00,,
https://etc.princeton.edu/sefer_hasidim/index.php?a=manuscripts,network_error,,https://etc.princeton.edu/sefer_hasidim/index.php?a=manuscripts,21,2026-10-09T13:08:22.351134+00:00,,
https://forum.otzar.org/index.php,blocked_or_restricted,403,https://forum.otzar.org/index.php,46,2026-10-09T13:08:22.624343+00:00,,
https://forum.otzar.org/viewtopic.php?f=7&t=22946,blocked_or_restricted,403,https://forum.otzar.org/viewtopic.php?f=7&t=22946,"7, 26",2026-10-09T13:08:22.696002+00:00,,
https://forum.otzar.org/viewtopic.php?f=7&t=22946#p229554,blocked_or_restricted,403,https://forum.otzar.org/viewtopic.php?f=7&t=22946#p229554,"17, 33",2026-10-09T13:08:22.753791+00:00,,
https://forum.otzar.org/viewtopic.php?f=7&t=22946#p229838,blocked_or_restricted,403,https://forum.otzar.org/viewtopic.php?f=7&t=22946#p229838,15,2026-10-09T13:08:22.817727+00:00,,
https://forum.otzar.org/viewtopic.php?t=25426,blocked_or_restricted,403,https://forum.otzar.org/viewtopic.php?t=25426,34,2026-10-09T13:08:22.853982+00:00,,
https://genizalab.princeton.edu/pgp-database/about,blocked_or_restricted,403,https://genizalab.princeton.edu/pgp-database/about,21,2026-10-09T13:08:22.880881+00:00,,
https://genizalab.princeton.edu/projects/handwritten-text-recognition,blocked_or_restricted,403,https://genizalab.princeton.edu/projects/handwritten-text-recognition,24,2026-10-09T13:08:22.903535+00:00,,
https://haifa.academia.edu/MenachemKatz,blocked_or_restricted,403,https://haifa.academia.edu/MenachemKatz,13,2026-10-09T13:08:23.257339+00:00,,
https://hebrew-academy.org.il/,blocked_or_restricted,403,https://hebrew-academy.org.il/,40,2026-10-09T13:08:29.593388+00:00,,
https://hebrew-academy.org.il/%d7%94%d7%9e%d7%99%d7%9c%d7%95%d7%9f-2/,blocked_or_restricted,403,https://hebrew-academy.org.il/%d7%94%d7%9e%d7%99%d7%9c%d7%95%d7%9f-2/,40,2026-10-09T13:08:29.662424+00:00,,
https://hebrew-academy.org.il/topic/maamarim/,blocked_or_restricted,403,https://hebrew-academy.org.il/topic/maamarim/,35,2026-10-09T13:08:29.732297+00:00,,
https://herzogpress.herzog.ac.il/ktav.asp?id=2,http_error,500,https://herzogpress.herzog.ac.il/ktav.asp?id=2,33,2026-10-09T13:08:29.782055+00:00,,
https://jewishoffice.co.il/catalog/,network_error,,https://jewishoffice.co.il/catalog/,11,2026-10-09T13:08:31.335216+00:00,,
https://jqr.pennpress.org/home/,blocked_or_restricted,403,https://www.pennpress.org/journals/journal/jewish-quarterly-review/,35,2026-10-09T13:08:31.474248+00:00,,
https://judaism.stackexchange.com/,blocked_or_restricted,403,https://judaism.stackexchange.com/,47,2026-10-09T13:08:31.479000+00:00,,
https://kodesh.snunit.k12.il/i/tr/t0101.htm,blocked_or_restricted,403,https://kodesh.snunit.k12.il/i/tr/t0101.htm,11,2026-10-09T13:08:31.595930+00:00,,
https://leshoniada.co.il/,blocked_or_restricted,403,https://leshoniada.co.il/,44,2026-10-09T13:08:32.636909+00:00,,
https://lib.pshita.cet.ac.il/pages/frontpage.asp,not_found,404,https://lib.pshita.cet.ac.il/pages/frontpage.asp,35,2026-10-09T13:08:33.902963+00:00,,
https://libraries.ou.edu/content/understanding-academiaedu-and-researchgate,not_found,404,https://libraries.ou.edu/impact-challenge-chapter/understanding-academiaedu-and-researchgate,35,2026-10-09T13:08:34.010764+00:00,,
https://library.brown.edu/iip/about/why_inscription/,not_found,404,https://www.inscriptionsisraelpalestine.org/about/why_inscription/,13,2026-10-09T13:08:35.426011+00:00,,
https://maagarim.hebrew-academy.org.il/Pages/PMain.aspx,blocked_or_restricted,403,https://maagarim.hebrew-academy.org.il/Pages/PMain.aspx,12,2026-10-09T13:08:35.525817+00:00,,
"https://merhav.nli.org.il/primo-explore/search?query=any,contains,NNL&sortby=rank&vid=NLI&lang=en_US",blocked_or_restricted,403,"https://merhav.nli.org.il/primo-explore/search?query=any,contains,NNL&sortby=rank&vid=NLI&lang=en_US",25,2026-10-09T13:08:35.663210+00:00,,
https://merhav.nli.org.il/primo-explore/search?vid=NLI&lang=iw_IL,blocked_or_restricted,403,https://merhav.nli.org.il/primo-explore/search?vid=NLI&lang=iw_IL,14,2026-10-09T13:08:35.974822+00:00,,
https://mishneh.ai/,network_error,,https://mishneh.ai/,,2026-10-09T13:13:37.932727+00:00,,
https://netanya.academia.edu/MoshePinchuk,blocked_or_restricted,403,https://netanya.academia.edu/MoshePinchuk,27,2026-10-09T13:08:38.364858+00:00,,
https://opensiddur.org/,blocked_or_restricted,403,https://opensiddur.org/,12,2026-10-09T13:08:39.057602+00:00,,
https://opensiddur.org/compilations/liturgical/siddurim/kol-bo/maimonides-seder-tefillot/,blocked_or_restricted,403,https://opensiddur.org/compilations/liturgical/siddurim/kol-bo/maimonides-seder-tefillot/,12,2026-10-09T13:08:39.122947+00:00,,
https://orot.ac.il/%D7%90%D7%95%D7%A8%D7%A9%D7%AA,blocked_or_restricted,403,https://orot.ac.il/%D7%90%D7%95%D7%A8%D7%A9%D7%AA,33,2026-10-09T13:08:39.177716+00:00,,
https://orot.ac.il/%D7%98%D7%9C%D7%9C%D7%99-%D7%90%D7%95%D7%A8%D7%95%D7%AA,blocked_or_restricted,403,https://orot.ac.il/%D7%98%D7%9C%D7%9C%D7%99-%D7%90%D7%95%D7%A8%D7%95%D7%AA,33,2026-10-09T13:08:39.188073+00:00,,
https://schechter.ac.il/research-center/midrash/,blocked_or_restricted,403,https://schechter.ac.il/research-center/midrash/,13,2026-10-09T13:08:41.918425+00:00,,
https://sfardata.nli.org.il/,blocked_or_restricted,403,https://sfardata.nli.org.il/,25,2026-10-09T13:08:43.815882+00:00,,
https://tashma.jewishoffice.co.il/,network_error,,https://tashma.jewishoffice.co.il/,11,2026-10-09T13:08:44.546881+00:00,,
https://tiresias.haifa.ac.il/?subj=burial,http_error,500,https://tiresias.haifa.ac.il/?subj=burial,37,2026-10-09T13:08:45.909253+00:00,,
https://tiresias.haifa.ac.il/?subj=ezezez:1778,http_error,500,https://tiresias.haifa.ac.il/?subj=ezezez:1778,37,2026-10-09T13:08:46.132392+00:00,,
https://tiresias.haifa.ac.il/?subj=synagogue,http_error,500,https://tiresias.haifa.ac.il/?subj=synagogue,37,2026-10-09T13:08:46.140020+00:00,,
https://tiresias.haifa.ac.il/texts,http_error,500,https://tiresias.haifa.ac.il/texts,37,2026-10-09T13:08:46.143410+00:00,,
https://twitter.com/nlitorani,not_found,404,https://x.com/nlitorani,46,2026-10-09T13:08:47.345635+00:00,,
https://ucsb.academia.edu/ElliotWolfson,blocked_or_restricted,403,https://ucsb.academia.edu/ElliotWolfson,35,2026-10-09T13:08:47.835647+00:00,,
https://web.nli.org.il/sites/NLI/Hebrew/digitallibrary/moreshet_bareshet/Pages/default.aspx,not_found,410,https://web.nli.org.il/sites/NLI/Hebrew/digitallibrary/moreshet_bareshet/Pages/default.aspx,17,2026-10-09T13:08:48.125377+00:00,,
https://web.nli.org.il/sites/NLI/Hebrew/library/services/interlibrary%20loan/Pages/photos_loan.aspx,not_found,410,https://web.nli.org.il/sites/NLI/Hebrew/library/services/interlibrary%20loan/Pages/photos_loan.aspx,36,2026-10-09T13:08:48.158318+00:00,,
https://web.nli.org.il/sites/nli/hebrew/collections/jewish-collection/talmud/pages/default.aspx,not_found,410,https://web.nli.org.il/sites/nli/hebrew/collections/jewish-collection/talmud/pages/default.aspx,17,2026-10-09T13:08:49.276457+00:00,https://www.nli.org.il/en/discover/manuscripts,"Current official manuscripts landing page; content reviewed 2026-10-09. Broader fallback only, not an exact replacement for the former Talmud collection page."
https://web.nli.org.il/sites/nlis/en/manuscript,not_found,410,https://web.nli.org.il/sites/nlis/en/manuscript,16,2026-10-09T13:08:49.791353+00:00,https://www.nli.org.il/en/discover/manuscripts/hebrew-manuscripts,"Current official Ktiv entry point; content reviewed 2026-10-09. A collection-level alternative, not proof that every function or item at the old URL survives."
https://whitmanarchive.org/about/articles/anc.00267.html,blocked_or_restricted,403,https://whitmanarchive.org/about/articles/anc.00267.html,8,2026-10-09T13:08:49.820306+00:00,,
https://www.academia.edu/,blocked_or_restricted,403,https://www.academia.edu/,35,2026-10-09T13:08:50.010928+00:00,,
https://www.academia.edu/103620375/Presentation_slides_A_Selective_Overview_of_Digital_Resources_for_the_Scholarly_Study_of_Rabbinic_Texts,blocked_or_restricted,403,https://www.academia.edu/103620375/Presentation_slides_A_Selective_Overview_of_Digital_Resources_for_the_Scholarly_Study_of_Rabbinic_Texts,1,2026-10-09T13:08:50.080511+00:00,,
https://www.academia.edu/106385574/Words_of_Wisdom_Word_Counts_of_Classical_Jewish_Works,blocked_or_restricted,403,https://www.academia.edu/106385574/Words_of_Wisdom_Word_Counts_of_Classical_Jewish_Works,12,2026-10-09T13:08:50.155848+00:00,,
https://www.academia.edu/11120558/%D7%9E%D7%97%D7%91%D7%A8%D7%95%D7%AA_%D7%9E%D7%A0%D7%97%D7%9E%D7%99%D7%95%D7%AA_%D7%AA%D7%9C%D7%9E%D7%95%D7%93_%D7%91%D7%91%D7%9C%D7%99_%D7%A7%D7%99%D7%93%D7%95%D7%A9%D7%99%D7%9F_%D7%A4%D7%A8%D7%A7_%D7%90_%D7%9E%D7%A9%D7%A0%D7%94_%D7%90_%D7%91_%D7%A2_%D7%90_%D7%99%D7%93_%D7%A2_%D7%91_,blocked_or_restricted,403,https://www.academia.edu/11120558/%D7%9E%D7%97%D7%91%D7%A8%D7%95%D7%AA_%D7%9E%D7%A0%D7%97%D7%9E%D7%99%D7%95%D7%AA_%D7%AA%D7%9C%D7%9E%D7%95%D7%93_%D7%91%D7%91%D7%9C%D7%99_%D7%A7%D7%99%D7%93%D7%95%D7%A9%D7%99%D7%9F_%D7%A4%D7%A8%D7%A7_%D7%90_%D7%9E%D7%A9%D7%A0%D7%94_%D7%90_%D7%91_%D7%A2_%D7%90_%D7%99%D7%93_%D7%A2_%D7%91_,15,2026-10-09T13:08:50.196313+00:00,,
https://www.academia.edu/13224118/%D7%9E%D7%97%D7%91%D7%A8%D7%95%D7%AA_%D7%9E%D7%A0%D7%97%D7%9E%D7%99%D7%95%D7%AA_%D7%AA%D7%9C%D7%9E%D7%95%D7%93_%D7%91%D7%91%D7%9C%D7%99_%D7%A7%D7%99%D7%93%D7%95%D7%A9%D7%99%D7%9F_%D7%A4%D7%A8%D7%A7_%D7%90_%D7%9E%D7%A9%D7%A0%D7%99%D7%95%D7%AA_%D7%91_%D7%92_%D7%9E%D7%A1%D7%9B%D7%AA_%D7%A2%D7%91%D7%93%D7%99%D7%9D_%D7%99%D7%93_%D7%A2_%D7%91_%D7%9B%D7%94_%D7%A2_%D7%91_Qiddushin,blocked_or_restricted,403,https://www.academia.edu/13224118/%D7%9E%D7%97%D7%91%D7%A8%D7%95%D7%AA_%D7%9E%D7%A0%D7%97%D7%9E%D7%99%D7%95%D7%AA_%D7%AA%D7%9C%D7%9E%D7%95%D7%93_%D7%91%D7%91%D7%9C%D7%99_%D7%A7%D7%99%D7%93%D7%95%D7%A9%D7%99%D7%9F_%D7%A4%D7%A8%D7%A7_%D7%90_%D7%9E%D7%A9%D7%A0%D7%99%D7%95%D7%AA_%D7%91_%D7%92_%D7%9E%D7%A1%D7%9B%D7%AA_%D7%A2%D7%91%D7%93%D7%99%D7%9D_%D7%99%D7%93_%D7%A2_%D7%91_%D7%9B%D7%94_%D7%A2_%D7%91_Qiddushin,15,2026-10-09T13:08:50.242349+00:00,,
https://www.academia.edu/18819286/Qiddushin_%D7%9E%D7%97%D7%91%D7%A8%D7%95%D7%AA_%D7%9E%D7%A0%D7%97%D7%9E%D7%99%D7%95%D7%AA_%D7%AA%D7%9C%D7%9E%D7%95%D7%93_%D7%91%D7%91%D7%9C%D7%99_%D7%A7%D7%99%D7%93%D7%95%D7%A9%D7%99%D7%9F_%D7%A4%D7%A8%D7%A7_%D7%90_%D7%9E%D7%A9%D7%A0%D7%99%D7%95%D7%AA_%D7%93_%D7%95_%D7%A7%D7%A0%D7%99%D7%99%D7%A0%D7%99_%D7%91%D7%94%D7%9E%D7%94_%D7%95%D7%A0%D7%9B%D7%A1%D7%99%D7%9D_%D7%9B%D7%94_%D7%A2_%D7%91_%D7%9B%D7%98_%D7%A2_%D7%90_,blocked_or_restricted,403,https://www.academia.edu/18819286/Qiddushin_%D7%9E%D7%97%D7%91%D7%A8%D7%95%D7%AA_%D7%9E%D7%A0%D7%97%D7%9E%D7%99%D7%95%D7%AA_%D7%AA%D7%9C%D7%9E%D7%95%D7%93_%D7%91%D7%91%D7%9C%D7%99_%D7%A7%D7%99%D7%93%D7%95%D7%A9%D7%99%D7%9F_%D7%A4%D7%A8%D7%A7_%D7%90_%D7%9E%D7%A9%D7%A0%D7%99%D7%95%D7%AA_%D7%93_%D7%95_%D7%A7%D7%A0%D7%99%D7%99%D7%A0%D7%99_%D7%91%D7%94%D7%9E%D7%94_%D7%95%D7%A0%D7%9B%D7%A1%D7%99%D7%9D_%D7%9B%D7%94_%D7%A2_%D7%91_%D7%9B%D7%98_%D7%A2_%D7%90_,15,2026-10-09T13:08:50.292537+00:00,,
https://www.academia.edu/21126241/%D7%9E%D7%97%D7%91%D7%A8%D7%95%D7%AA_%D7%9E%D7%A0%D7%97%D7%9E%D7%99%D7%95%D7%AA_%D7%AA%D7%9C%D7%9E%D7%95%D7%93_%D7%91%D7%91%D7%9C%D7%99_%D7%9E%D7%A1%D7%9B%D7%AA_%D7%A7%D7%99%D7%93%D7%95%D7%A9%D7%99%D7%9F_%D7%A4%D7%A8%D7%A7_%D7%90_%D7%9E%D7%A9%D7%A0%D7%99%D7%95%D7%AA_%D7%96_%D7%99_%D7%9E%D7%A1%D7%9B%D7%AA_%D7%9E%D7%A6%D7%95%D7%95%D7%AA_%D7%9B%D7%98_%D7%A2_%D7%90_%D7%9E%D7%90_%D7%A2_%D7%90_,blocked_or_restricted,403,https://www.academia.edu/21126241/%D7%9E%D7%97%D7%91%D7%A8%D7%95%D7%AA_%D7%9E%D7%A0%D7%97%D7%9E%D7%99%D7%95%D7%AA_%D7%AA%D7%9C%D7%9E%D7%95%D7%93_%D7%91%D7%91%D7%9C%D7%99_%D7%9E%D7%A1%D7%9B%D7%AA_%D7%A7%D7%99%D7%93%D7%95%D7%A9%D7%99%D7%9F_%D7%A4%D7%A8%D7%A7_%D7%90_%D7%9E%D7%A9%D7%A0%D7%99%D7%95%D7%AA_%D7%96_%D7%99_%D7%9E%D7%A1%D7%9B%D7%AA_%D7%9E%D7%A6%D7%95%D7%95%D7%AA_%D7%9B%D7%98_%D7%A2_%D7%90_%D7%9E%D7%90_%D7%A2_%D7%90_,15,2026-10-09T13:08:50.330465+00:00,,
https://www.academia.edu/24587460/%D7%9E%D7%97%D7%91%D7%A8%D7%95%D7%AA_%D7%9E%D7%A0%D7%97%D7%9E%D7%99%D7%95%D7%AA_%D7%A7%D7%99%D7%93%D7%95%D7%A9%D7%99%D7%9F_%D7%A4%D7%A8%D7%A7_%D7%91_Qiddushin,blocked_or_restricted,403,https://www.academia.edu/24587460/%D7%9E%D7%97%D7%91%D7%A8%D7%95%D7%AA_%D7%9E%D7%A0%D7%97%D7%9E%D7%99%D7%95%D7%AA_%D7%A7%D7%99%D7%93%D7%95%D7%A9%D7%99%D7%9F_%D7%A4%D7%A8%D7%A7_%D7%91_Qiddushin,15,2026-10-09T13:08:50.344718+00:00,,
https://www.academia.edu/25088401/%D7%9E%D7%97%D7%91%D7%A8%D7%95%D7%AA_%D7%9E%D7%A0%D7%97%D7%9E%D7%99%D7%95%D7%AA_%D7%A7%D7%99%D7%93%D7%95%D7%A9%D7%99%D7%9F_%D7%A4%D7%A8%D7%A7_%D7%92_%D7%A0%D7%97_%D7%A2_%D7%91_%D7%A1%D7%98_%D7%A2_%D7%90_Qiddushin,blocked_or_restricted,403,https://www.academia.edu/25088401/%D7%9E%D7%97%D7%91%D7%A8%D7%95%D7%AA_%D7%9E%D7%A0%D7%97%D7%9E%D7%99%D7%95%D7%AA_%D7%A7%D7%99%D7%93%D7%95%D7%A9%D7%99%D7%9F_%D7%A4%D7%A8%D7%A7_%D7%92_%D7%A0%D7%97_%D7%A2_%D7%91_%D7%A1%D7%98_%D7%A2_%D7%90_Qiddushin,15,2026-10-09T13:08:50.381544+00:00,,
https://www.academia.edu/25445026/%D7%9E%D7%97%D7%91%D7%A8%D7%95%D7%AA_%D7%9E%D7%A0%D7%97%D7%9E%D7%99%D7%95%D7%AA_%D7%A7%D7%99%D7%93%D7%95%D7%A9%D7%99%D7%9F_%D7%A4%D7%A8%D7%A7_%D7%93_Qiddushin,blocked_or_restricted,403,https://www.academia.edu/25445026/%D7%9E%D7%97%D7%91%D7%A8%D7%95%D7%AA_%D7%9E%D7%A0%D7%97%D7%9E%D7%99%D7%95%D7%AA_%D7%A7%D7%99%D7%93%D7%95%D7%A9%D7%99%D7%9F_%D7%A4%D7%A8%D7%A7_%D7%93_Qiddushin,15,2026-10-09T13:08:50.396656+00:00,,
https://www.academia.edu/30989122/A_Database_for_the_Research_of_Talmud_Yerushalmi_Hebrew_,blocked_or_restricted,403,https://www.academia.edu/30989122/A_Database_for_the_Research_of_Talmud_Yerushalmi_Hebrew_,27,2026-10-09T13:08:50.440358+00:00,,
https://www.academia.edu/38628191/Best_of_the_Web_for_the_Zohar_lectures_interviews_conferences_and_courses_rev_5_11_20_,blocked_or_restricted,403,https://www.academia.edu/38628191/Best_of_the_Web_for_the_Zohar_lectures_interviews_conferences_and_courses_rev_5_11_20_,45,2026-10-09T13:08:50.444662+00:00,,
https://www.academia.edu/39895312/%D7%9E%D7%95%D7%A8%D7%94_%D7%94%D7%A0%D7%91%D7%95%D7%9B%D7%99%D7%9D_%D7%A8%D7%A9%D7%99%D7%9E%D7%AA_%D7%9E%D7%95%D7%A0%D7%97%D7%99_%D7%AA%D7%A8%D7%92%D7%95%D7%9D_%D7%95%D7%91%D7%99%D7%91%D7%9C%D7%99%D7%95%D7%92%D7%A8%D7%A4%D7%99%D7%94_Guide_for_the_Perplexed_Glossary_and_bibliography,blocked_or_restricted,403,https://www.academia.edu/39895312/%D7%9E%D7%95%D7%A8%D7%94_%D7%94%D7%A0%D7%91%D7%95%D7%9B%D7%99%D7%9D_%D7%A8%D7%A9%D7%99%D7%9E%D7%AA_%D7%9E%D7%95%D7%A0%D7%97%D7%99_%D7%AA%D7%A8%D7%92%D7%95%D7%9D_%D7%95%D7%91%D7%99%D7%91%D7%9C%D7%99%D7%95%D7%92%D7%A8%D7%A4%D7%99%D7%94_Guide_for_the_Perplexed_Glossary_and_bibliography,13,2026-10-09T13:08:50.496498+00:00,,
https://www.academia.edu/59622961/_Three_Lectures_on_Habad_Hasidism_Schocken_Institute_Jerusalem_November_8_15_22_2021_Poser_Video_,blocked_or_restricted,403,https://www.academia.edu/59622961/_Three_Lectures_on_Habad_Hasidism_Schocken_Institute_Jerusalem_November_8_15_22_2021_Poser_Video_,45,2026-10-09T13:08:50.502320+00:00,,
https://www.academia.edu/62424008/Malachi_Beit_Ari%C3%A9_Hebrew_Codicology_Historical_and_Comparative_Typology_of_Medieval_Hebrew_Codices_based_on_the_Documentation_of_the_Extant_Dated_Manuscripts_until_1540_using_a_Quantitative_Approach_Jerusalem_The_Israel_Academy_of_Sciences_and_Humanities_2022_,blocked_or_restricted,403,https://www.academia.edu/62424008/Malachi_Beit_Ari%C3%A9_Hebrew_Codicology_Historical_and_Comparative_Typology_of_Medieval_Hebrew_Codices_based_on_the_Documentation_of_the_Extant_Dated_Manuscripts_until_1540_using_a_Quantitative_Approach_Jerusalem_The_Israel_Academy_of_Sciences_and_Humanities_2022_,3,2026-10-09T13:08:50.537329+00:00,,
https://www.academia.edu/72403082/Talmud_Yerushalmi_Digital_Critical_Edition_IRCDL_2022,blocked_or_restricted,403,https://www.academia.edu/72403082/Talmud_Yerushalmi_Digital_Critical_Edition_IRCDL_2022,"8, 13",2026-10-09T13:08:50.553698+00:00,,
https://www.academia.edu/72820895/Mahbarot_Menachamyiot_%D7%90%D7%A7%D7%93%D7%9E%D7%95%D7%AA_%D7%9C%D7%9E%D7%94%D7%93%D7%95%D7%A8%D7%94_%D7%A9%D7%9C_%D7%94%D7%AA%D7%9C%D7%9E%D7%95%D7%93_%D7%94%D7%91%D7%91%D7%9C%D7%99_%D7%9E%D7%A1%D7%9B%D7%AA_%D7%A7%D7%99%D7%93%D7%95%D7%A9%D7%99%D7%9F_%D7%9E%D7%97%D7%91%D7%A8%D7%95%D7%AA_%D7%9E%D7%A0%D7%97%D7%9E%D7%99%D7%95%D7%AA,blocked_or_restricted,403,https://www.academia.edu/72820895/Mahbarot_Menachamyiot_%D7%90%D7%A7%D7%93%D7%9E%D7%95%D7%AA_%D7%9C%D7%9E%D7%94%D7%93%D7%95%D7%A8%D7%94_%D7%A9%D7%9C_%D7%94%D7%AA%D7%9C%D7%9E%D7%95%D7%93_%D7%94%D7%91%D7%91%D7%9C%D7%99_%D7%9E%D7%A1%D7%9B%D7%AA_%D7%A7%D7%99%D7%93%D7%95%D7%A9%D7%99%D7%9F_%D7%9E%D7%97%D7%91%D7%A8%D7%95%D7%AA_%D7%9E%D7%A0%D7%97%D7%9E%D7%99%D7%95%D7%AA,15,2026-10-09T13:08:50.585711+00:00,,
https://www.academia.edu/83275646/Resources_for_the_Critical_Study_of_Rabbinic_Literature_in_the_Twenty_First_Century_in_Compendia_Rerum_Iudaicarum_ad_Novum_Testamentum_CRINT_16_Christine_Hayes_ed_Leiden_The_Netherlands_Brill_2022_pp_621_632,blocked_or_restricted,403,https://www.academia.edu/83275646/Resources_for_the_Critical_Study_of_Rabbinic_Literature_in_the_Twenty_First_Century_in_Compendia_Rerum_Iudaicarum_ad_Novum_Testamentum_CRINT_16_Christine_Hayes_ed_Leiden_The_Netherlands_Brill_2022_pp_621_632,"6, 8",2026-10-09T13:08:50.646571+00:00,,
https://www.academia.edu/93648655/Meta_index_of_Halacha_Bruras_index_of_scanned_Jewish_books,blocked_or_restricted,403,https://www.academia.edu/93648655/Meta_index_of_Halacha_Bruras_index_of_scanned_Jewish_books,26,2026-10-09T13:08:50.647103+00:00,,
https://www.academia.edu/94100918/Index_by_century_discussed_of_interviews_of_historians_on_Seforim_Chatter_podcast,blocked_or_restricted,403,https://www.academia.edu/94100918/Index_by_century_discussed_of_interviews_of_historians_on_Seforim_Chatter_podcast,45,2026-10-09T13:08:50.657402+00:00,,
https://www.academia.edu/94396791/List_of_some_Greek_loan_words_in_Hazalic_writings,blocked_or_restricted,403,https://www.academia.edu/94396791/List_of_some_Greek_loan_words_in_Hazalic_writings,44,2026-10-09T13:08:50.712700+00:00,,
https://www.associationforjewishstudies.org/professional-development/professional-development/digital-jewish-studies/perspectives-on-technology/online-resources-for-talmud-research-study-and-teaching,not_found,404,https://www.associationforjewishstudies.org/professional-development/professional-development/digital-jewish-studies/perspectives-on-technology/online-resources-for-talmud-research-study-and-teaching,6,2026-10-09T13:08:51.002397+00:00,,
https://www.bhol.co.il/forums/forum.asp?cat_id=38&forum_id=19616,blocked_or_restricted,403,https://www.bhol.co.il/forums/forum.asp?cat_id=38&forum_id=19616,47,2026-10-09T13:08:51.509573+00:00,,
https://www.chronicle.com/article/metrics-mania/,blocked_or_restricted,403,https://www.chronicle.com/article/metrics-mania/,35,2026-10-09T13:08:52.607981+00:00,,
https://www.daat.ac.il/,network_error,,https://www.daat.ac.il/,29,2026-10-09T13:08:52.782097+00:00,,
https://www.forbes.com/sites/drsarahbond/2017/01/23/dear-scholars-delete-your-account-at-academia-edu/?sh=17bc56872d62,blocked_or_restricted,403,https://www.forbes.com/sites/drsarahbond/2017/01/23/dear-scholars-delete-your-account-at-academia-edu/?sh=17bc56872d62,35,2026-10-09T13:08:55.211818+00:00,,
https://www.hamichlol.org.il/%D7%A7%D7%98%D7%92%D7%95%D7%A8%D7%99%D7%94:%D7%94%D7%9E%D7%9B%D7%9C%D7%95%D7%9C:_%D7%A2%D7%A8%D7%9B%D7%99%D7%9D_%D7%A9%D7%A0%D7%95%D7%A6%D7%A8%D7%95_%D7%91%D7%9E%D7%9B%D7%9C%D7%95%D7%9C,blocked_or_restricted,403,https://www.hamichlol.org.il/%D7%A7%D7%98%D7%92%D7%95%D7%A8%D7%99%D7%94:%D7%94%D7%9E%D7%9B%D7%9C%D7%95%D7%9C:_%D7%A2%D7%A8%D7%9B%D7%99%D7%9D_%D7%A9%D7%A0%D7%95%D7%A6%D7%A8%D7%95_%D7%91%D7%9E%D7%9B%D7%9C%D7%95%D7%9C,38,2026-10-09T13:08:55.585409+00:00,,
https://www.hassidout.org/hassidout/Textes_Kodech/Kabbalah/index.php-rootid=103.htm,blocked_or_restricted,403,https://www.hassidout.org/hassidout/Textes_Kodech/Kabbalah/index.php-rootid=103.htm,12,2026-10-09T13:08:55.660044+00:00,,
https://www.herzog.ac.il/library-page/%d7%9e%d7%90%d7%92%d7%a8%d7%99%d7%9d-%d7%91%d7%97%d7%95%d7%92-%d7%9c%d7%9c%d7%a9%d7%95%d7%9f-%d7%a2%d7%91%d7%a8%d7%99%d7%aa/,not_found,404,https://www.herzog.ac.il/library-page/%d7%9e%d7%90%d7%92%d7%a8%d7%99%d7%9d-%d7%91%d7%97%d7%95%d7%92-%d7%9c%d7%9c%d7%a9%d7%95%d7%9f-%d7%a2%d7%91%d7%a8%d7%99%d7%aa/,5,2026-10-09T13:08:55.777122+00:00,,
https://www.herzog.ac.il/library-page/%d7%9e%d7%90%d7%92%d7%a8%d7%99%d7%9d-%d7%91%d7%97%d7%95%d7%92-%d7%9c%d7%9e%d7%97%d7%a9%d7%91%d7%aa-%d7%99%d7%a9%d7%a8%d7%90%d7%9c/,not_found,404,https://www.herzog.ac.il/library-page/%d7%9e%d7%90%d7%92%d7%a8%d7%99%d7%9d-%d7%91%d7%97%d7%95%d7%92-%d7%9c%d7%9e%d7%97%d7%a9%d7%91%d7%aa-%d7%99%d7%a9%d7%a8%d7%90%d7%9c/,5,2026-10-09T13:08:56.053028+00:00,,
https://www.herzog.ac.il/library-page/%d7%9e%d7%90%d7%92%d7%a8%d7%99%d7%9d-%d7%91%d7%97%d7%95%d7%92-%d7%9c%d7%a1%d7%a4%d7%a8%d7%95%d7%aa-%d7%a2%d7%91%d7%a8%d7%99%d7%aa/,not_found,404,https://www.herzog.ac.il/library-page/%d7%9e%d7%90%d7%92%d7%a8%d7%99%d7%9d-%d7%91%d7%97%d7%95%d7%92-%d7%9c%d7%a1%d7%a4%d7%a8%d7%95%d7%aa-%d7%a2%d7%91%d7%a8%d7%99%d7%aa/,5,2026-10-09T13:08:56.104891+00:00,,
https://www.maanelashon.org/links,not_found,404,https://www.maanelashon.org/links,6,2026-10-09T13:08:57.001502+00:00,,
https://www.makorrishon.co.il/,blocked_or_restricted,403,https://www.makorrishon.co.il/,41,2026-10-09T13:08:57.568622+00:00,,
https://www.makorrishon.co.il/tag/%D7%9E%D7%95%D7%A1%D7%A3-%D7%A9%D7%91%D7%AA/,blocked_or_restricted,403,https://www.makorrishon.co.il/tag/%D7%9E%D7%95%D7%A1%D7%A3-%D7%A9%D7%91%D7%AA/,41,2026-10-09T13:08:57.579460+00:00,,
https://www.mgketer.org/,network_error,,https://www.mgketer.org/,6,2026-10-09T13:08:57.799574+00:00,,
https://www.nli.org.il/en/discover/judaism/jewish-bookshelf/zohar/scholem-card-catalog,blocked_or_restricted,403,https://www.nli.org.il/en/discover/judaism/jewish-bookshelf/zohar/scholem-card-catalog,40,2026-10-09T13:08:58.566083+00:00,,
https://www.nli.org.il/en/newspapers/haretz/,blocked_or_restricted,403,https://www.nli.org.il/en/newspapers/haretz/,42,2026-10-09T13:08:58.667770+00:00,,
https://www.nli.org.il/en/research-and-teach/catalogs/bibliographic-databases,blocked_or_restricted,403,https://www.nli.org.il/en/research-and-teach/catalogs/bibliographic-databases,25,2026-10-09T13:08:58.853477+00:00,,
https://www.nli.org.il/he/at-your-service/document-delivery-service/scans-within-library,blocked_or_restricted,403,https://www.nli.org.il/he/at-your-service/document-delivery-service/scans-within-library,36,2026-10-09T13:08:58.858827+00:00,,
https://www.nli.org.il/he/at-your-service/who-we-are/depositing/statistics/2020-book-week-report,blocked_or_restricted,403,https://www.nli.org.il/he/at-your-service/who-we-are/depositing/statistics/2020-book-week-report,3,2026-10-09T13:08:58.971503+00:00,,
https://www.nli.org.il/he/books/NNL_ALEPH001091556/NLI,blocked_or_restricted,403,https://www.nli.org.il/he/books/NNL_ALEPH001091556/NLI,14,2026-10-09T13:08:58.972301+00:00,,
https://www.nli.org.il/he/research-and-teach/catalogs,blocked_or_restricted,403,https://www.nli.org.il/he/research-and-teach/catalogs,25,2026-10-09T13:08:59.146126+00:00,,
https://www.nli.org.il/he/research-and-teach/catalogs/bibliographic-databases/rambi,blocked_or_restricted,403,https://www.nli.org.il/he/research-and-teach/catalogs/bibliographic-databases/rambi,36,2026-10-09T13:08:59.147349+00:00,,
https://www.nli.org.il/he/research-and-teach/catalogs/bibliographic-databases/rambi/kiryat-sefer,blocked_or_restricted,403,https://www.nli.org.il/he/research-and-teach/catalogs/bibliographic-databases/rambi/kiryat-sefer,32,2026-10-09T13:08:59.217955+00:00,,
https://www.oxfordbibliographies.com/obo/page/jewish-studies,blocked_or_restricted,403,https://academic.oup.com/oxford-bibliographies,37,2026-10-09T13:08:59.267649+00:00,,
https://www.qerovot18.com/,network_error,,https://www.qerovot18.com/,21,2026-10-09T13:08:59.274491+00:00,,
https://www.researchgate.net/publication/264205341_A_Catalogue_of_Digital_Editions,blocked_or_restricted,403,https://www.researchgate.net/publication/264205341_A_Catalogue_of_Digital_Editions,8,2026-10-09T13:09:00.349606+00:00,,
https://www.seforimonline.org/seforim-database/,blocked_or_restricted,403,https://www.gbo303-ac.com/,28,2026-10-09T13:09:02.395970+00:00,,
https://www.sup.org/zohar/aramaic/,blocked_or_restricted,429,https://www.sup.org/zohar/aramaic/,13,2026-10-09T13:09:02.419072+00:00,,
https://www.ybz.org.il/cathedra/gilyonot,not_found,404,https://ybz.org.il/cathedra/gilyonot,32,2026-10-09T13:09:03.002732+00:00,,
https://www.yeshiva.org.il/wiki/index.php/%D7%95%D7%99%D7%A7%D7%99%D7%A9%D7%99%D7%91%D7%94:%D7%90%D7%A0%D7%A6%D7%99%D7%A7%D7%9C%D7%95%D7%A4%D7%93%D7%99%D7%94_%D7%AA%D7%9C%D7%9E%D7%95%D7%93%D7%99%D7%AA,blocked_or_restricted,403,https://www.yeshiva.org.il/wiki/index.php/%D7%95%D7%99%D7%A7%D7%99%D7%A9%D7%99%D7%91%D7%94:%D7%90%D7%A0%D7%A6%D7%99%D7%A7%D7%9C%D7%95%D7%A4%D7%93%D7%99%D7%94_%D7%AA%D7%9C%D7%9E%D7%95%D7%93%D7%99%D7%AA,38,2026-10-09T13:09:03.057903+00:00,,
https://www2.biu.ac.il/Academics/phd_heb/index-JSn.html,network_error,,https://www2.biu.ac.il/Academics/phd_heb/index-JSn.html,37,2026-10-09T13:09:04.456121+00:00,,
https://www2.biu.ac.il/jh/parasha/,network_error,,https://www2.biu.ac.il/jh/parasha/,6,2026-10-09T13:09:04.913329+00:00,,
https://www2.biu.ac.il/js/tl/yerushalmi/index.html,network_error,,https://www2.biu.ac.il/js/tl/yerushalmi/index.html,27,2026-10-09T13:09:04.945434+00:00,,
